rgn_id,year,pressure_score
1,2012,0.231273195703302
1,2013,0.233583343063688
1,2014,0.204075303573465
1,2015,0.281842239184414
1,2016,0.353691994459093
1,2017,0.33104673781472
