rgn_id,year,product,weight
1,2015,corals,0.0306952662721893
1,2015,fish_oil,0.0410502958579882
1,2015,ornamentals,0.914201183431953
1,2015,shells,0.0140532544378698
