rgn_id,year,pressure_score
1,2012,0.108376668312961
1,2013,0.108376668312961
1,2014,0.108376668312961
1,2015,0.108376668312961
1,2016,0.108376668312961
