rgn_id,year,resilience_score
1,2014,0.626557822765308
1,2015,0.621395222364927
1,2016,0.621614917303898
1,2017,0.637325397049679
1,2018,0.637227812262614
