rgn_id,year,pressure_score
1,2014,0.373442177234692
1,2015,0.378604777635073
1,2016,0.378385082696102
1,2017,0.362674602950321
1,2018,0.362772187737386
